REPO,ASID,BIBID
5,1,10693144
5,2,4492426
5,8,4488498
5,9,4492411
5,10,4492430
5,11,4492431
5,12,4492432
5,13,4492433
5,14,4492436
5,15,4492437
5,16,4492438
5,17,4492439
5,18,4492440
5,19,4492441
5,20,4492412
5,21,4492442
5,22,4492443
5,23,4492444
5,24,4492445
5,25,4492446
5,26,4492447
5,27,4492413
5,28,4492414
5,29,4492416
5,31,4492418
5,32,4492427
5,33,4492428
5,34,4492448
5,35,4492449
5,36,4492460
5,37,4492461
5,39,4492465
5,40,4492466
5,41,4492467
5,42,4492468
5,43,4492470
5,44,4492471
5,46,4492450
5,47,4492473
5,48,4492474
5,49,4492475
5,50,4492476
5,51,4492477
5,52,4492478
5,53,4492479
5,54,4492480
5,55,4492481
5,56,4492482
5,57,4492451
5,58,4492483
5,59,4492484
5,60,4492485
5,61,4492486
5,62,4492487
5,63,4492488
5,64,4492489
5,65,4492490
5,66,4492491
5,67,4492492
5,68,4492452
5,69,4492493
5,71,4492495
5,72,4492497
5,73,4492454
5,74,4492455
5,75,4492456
5,76,4492457
5,77,4492458
5,78,4492498
5,79,4492499
5,80,4492508
5,81,4492509
5,82,4492510
5,83,4492511
5,84,4492512
5,85,4492513
5,86,4492514
5,87,4492515
5,88,4492516
5,89,4492517
5,90,4492500
5,91,4492518
5,92,4492519
5,93,4492520
5,94,4492521
5,95,4492522
5,96,4492523
5,97,4492524
5,98,4492525
5,99,4492526
5,100,4492527
5,101,4492501
5,102,4492528
5,103,4492529
5,104,4492530
5,105,4492531
5,106,4492532
5,107,4492533
5,108,4492534
5,109,4492535
5,110,4492536
5,111,4492537
5,112,4492502
5,114,4492540
5,115,4492541
5,119,4492546
5,121,4492548
5,123,4492503
5,125,4492552
5,126,4492554
5,127,4492555
5,128,4492556
5,129,4492557
5,130,4492559
5,131,4492560
5,132,4492561
5,133,4492562
5,134,4492504
5,135,4492505
5,136,4492506
5,137,4492507
5,202,4492563
5,203,4492564
5,204,4492576
5,205,4492577
5,206,4492579
5,207,4492581
5,208,4492582
5,209,4492586
5,210,4492588
5,211,4492591
5,214,4492565
5,215,4492598
5,216,4492600
5,218,4492604
5,219,4492605
5,220,4492606
5,221,4492607
5,222,4492608
5,223,4492609
5,224,4492610
5,225,4492566
5,226,4492611
5,227,4492612
5,228,4492613
5,229,4492616
5,230,4492617
5,231,4492618
5,232,4492619
5,233,4492620
5,234,4492621
5,235,4492622
5,236,4492567
5,237,4492623
5,238,4492624
5,239,4492626
5,240,4492627
5,241,4492628
5,242,4492629
5,243,4492630
5,244,4492631
5,245,4492639
5,246,4492641
5,247,4492568
5,248,4492642
5,249,4492643
5,251,4492645
5,252,4492646
5,253,4492647
5,254,4492648
5,255,4492649
5,256,4492650
5,257,4492651
5,258,4492569
5,259,4492652
5,261,4492654
5,262,4492655
5,263,4492656
5,264,4492657
5,265,4492658
5,266,4492660
5,267,4492661
5,271,4492662
5,272,4492663
5,273,4492674
5,274,4492675
5,275,4492676
5,276,4492679
5,277,4492680
5,278,4492681
5,279,4492683
5,280,4492684
5,281,4492685
5,282,4492686
5,283,4492664
5,284,4492687
5,286,4492691
5,288,4492693
5,289,4492694
5,290,4492695
5,291,4492696
5,292,4492697
5,293,4492698
5,294,4492665
5,295,4492699
5,296,4492700
5,297,4492701
5,300,4492705
5,301,4492706
5,302,4492707
5,303,4492708
5,304,4492710
5,305,4492666
5,306,4492711
5,307,4492712
5,308,4492713
5,309,4492714
5,311,4492716
5,312,4526597
5,313,5456034
5,314,5456223
5,315,5546817
5,316,4492667
5,317,4492668
5,318,4492671
5,319,4492672
5,320,4492673
5,326,5547872
5,327,5547910
5,328,5632346
5,329,5632395
5,330,5635403
5,331,5635472
5,332,5635497
5,333,5635554
5,334,5636420
5,335,5637344
5,336,5637459
5,337,5798989
5,338,5628125
5,339,5799092
5,340,5907095
5,341,5907118
5,342,5907200
5,343,5950860
5,344,5951004
5,345,5951061
5,346,5994388
5,347,5994391
5,348,5994394
5,349,5628207
5,351,6120169
5,352,6163424
5,353,6257734
5,354,6257798
5,355,6257865
5,356,6277110
5,357,6277149
5,358,6277192
5,359,6277247
5,360,5628238
5,361,6306796
5,362,6306815
5,363,6306893
5,364,6351359
5,365,6351504
5,367,6354208
5,368,6496333
5,369,6496549
5,370,5628275
5,371,5628306
5,372,5628313
5,373,5628342
5,374,5628378
5,375,6881468
5,376,6882571
5,377,7839448
5,378,8378766
5,379,8421300
5,380,8422927
5,381,8423790
5,385,8428472
5,386,8428630
5,387,6882670
5,388,8513545
5,389,8513561
5,392,8516138
5,393,8516204
5,394,8516277
5,398,6882703
5,400,8529390
5,401,8588930
5,402,8588960
5,403,8628225
5,404,8631339
5,405,8634429
5,406,8634469
5,408,8634732
5,409,6884235
5,410,8634736
5,412,9503422
5,413,9503458
5,414,9503896
5,415,9503920
5,416,9503930
5,417,9504107
5,418,9504325
5,419,9559694
5,420,6906369
5,421,6958178
5,422,6958378
5,423,6958445
5,424,7188365
5,459,9559724
5,460,9612579
5,461,10423624
5,462,10503782
5,463,10522085
5,464,10522148
5,465,10577741
5,466,10735343
5,467,10735352
5,468,10737533
5,469,10751123
5,470,11040989
5,471,9703420
5,472,11043176
5,473,11043785
5,474,11045928
5,475,11048356
5,476,11065262
5,477,11076455
5,478,11076978
5,479,11077520
5,480,11077819
5,481,11078404
5,482,10126110
5,483,11078408
5,484,11078506
5,485,11144641
5,486,11150354
5,487,11329620
5,488,11329773
5,489,11329789
5,490,11411236
5,491,11418606
5,492,11420828
5,494,11447037
5,495,11582299
5,496,11602006
5,497,11616754
5,498,11631815
5,499,11647614
5,500,11648828
5,501,11918040
5,502,10209015
5,503,10259035
5,504,10322141
5,505,10380330
5,506,10380354
5,507,11918046
5,508,11918050
5,509,11918078
5,510,11918079
5,511,11918080
5,512,11918081
5,513,11918892
5,514,11918897
5,515,11918933
5,516,11918953
5,517,11918961
5,518,11918965
5,519,11918065
5,520,11918967
5,521,11918985
5,522,11919325
5,523,11919383
5,524,11919386
5,525,11919387
5,526,11985491
5,527,11985891
5,528,11986579
5,529,11991908
5,530,11918069
5,531,11991923
5,532,11991936
5,533,11991939
5,534,11991941
5,535,11991945
5,536,11992819
5,537,11992828
5,538,11992829
5,539,11994945
5,540,12176401
5,541,11918070
5,542,12176405
5,543,12517840
5,544,12571489
5,545,13235196
5,546,11918072
5,547,11918073
5,548,11918074
5,549,11918075
5,550,11918077
4,557,5593671
4,558,4268273
4,559,6226404
3,564,2812943
3,566,3460555
3,567,3460556
3,568,3460558
3,570,3460560
3,571,3460561
3,573,3460563
3,574,3460564
3,576,3460565
3,577,3460566
3,578,3460567
3,579,3460568
3,581,3460570
3,582,3460571
3,583,3460572
3,584,3460573
3,585,3460575
3,586,3459530
3,587,3460576
3,588,3460577
3,589,3460578
3,590,3460579
3,592,3460581
3,593,3460582
3,595,3460584
3,596,3460585
3,597,3460548
3,598,3460586
3,600,3460588
3,601,3460589
3,602,3460590
3,604,3460592
3,605,3460593
3,606,3460594
3,607,3460595
3,608,3460549
3,610,3460550
3,612,3460552
3,613,3460553
3,614,3460597
3,616,3460607
3,617,3460608
3,621,3460612
3,623,3460614
3,625,3460616
3,626,3460599
3,628,3460618
3,629,3460619
3,630,3460620
3,631,3460621
3,635,3460625
3,636,3460626
3,637,3460600
3,638,3460627
3,639,3460628
3,640,3460629
3,641,3460630
3,642,3460631
3,643,3460632
3,644,3460633
3,645,3460634
3,647,3460636
3,648,3460601
3,649,3460637
3,651,3463539
3,653,3463984
3,654,3463986
3,655,3464556
3,656,3464557
3,657,3464564
3,658,3464746
3,660,3460603
3,661,3460604
3,662,3460605
3,682,3464761
3,685,5962427
3,686,5968357
3,687,5987214
3,693,6161903
3,694,6162327
3,695,6162454
3,697,3464751
3,698,3464752
3,702,3464760
3,735,6168536
3,736,6177319
3,737,6320430
3,738,6320551
3,740,6324981
3,741,6341425
3,742,6341969
3,744,6349900
3,746,6390136
3,747,6179350
3,748,6428133
3,749,6461184
3,750,6462541
3,754,6309249
3,755,6318429
3,756,6318572
3,757,6318786
3,758,6463174
3,761,6636103
3,762,6636158
3,764,6661090
3,765,6662286
3,766,6662492
3,767,6663324
3,768,6663726
3,769,6665518
3,770,6473624
3,771,6696688
3,775,6766228
3,776,6484551
3,777,6485753
3,778,6487649
3,779,6603139
3,781,6622465
3,782,6635170
3,784,6880418
3,786,6927285
3,787,6934133
3,788,6934540
3,789,6935502
3,790,6936300
3,791,6984444
3,792,6987979
3,793,6988826
3,794,6988966
3,795,6881558
3,796,6999306
3,797,7023668
3,800,7084607
3,801,6882189
3,802,6898406
3,803,6905096
3,804,6907586
3,806,6911372
3,807,6916253
3,842,7184367
3,843,7199811
3,845,7924377
3,846,8066740
3,847,8067501
3,848,8081701
3,849,8088207
3,850,8150510
3,853,8395453
3,854,7202274
3,859,7364184
3,860,7395868
3,861,7400155
3,862,7413525
3,899,8407682
3,900,8407752
3,905,8658019
3,909,8906643
3,910,8914601
3,913,8970867
3,914,8414511
3,915,8415281
3,917,8464626
3,921,9413260
3,922,9054905
3,926,9383751
3,928,9419975
3,930,9452424
3,931,9471740
3,932,9017654
3,933,9020296
3,935,9138475
3,936,9138491
3,937,9283267
3,996,10161269
3,997,9486906
3,1006,10472617
3,1007,10473393
3,1010,10535236
3,1011,10568228
3,1012,10573862
3,1013,10097852
3,1015,10146773
3,1016,10146927
3,1017,10161944
3,1164,10574945
3,1167,11078320
3,1172,11288090
3,1173,11388078
3,1175,10577025
3,1176,11526526
3,1178,11596099
3,1180,11904570
3,1181,11908110
3,1182,11908589
3,1183,11909630
3,1184,11913720
3,1185,12007814
3,1186,10577794
3,1188,12010430
3,1189,12010958
3,1190,12010981
3,1191,12011815
3,1192,12030289
3,1194,12136013
3,1195,12136430
3,1196,12138548
3,1197,10632341
3,1198,12266076
3,1199,12269855
3,1200,12295393
3,1201,12298037
3,1202,12304053
3,1203,12304713
3,1206,12307197
3,1207,12307251
3,1209,12307254
3,1213,12471348
3,1220,12482462
3,1221,10978608
3,1222,10979295
3,1224,12756105
3,1225,12912701
3,1226,12969533
3,1227,13001668
3,1228,13262375
3,1229,13262389
3,1230,13262440
3,1231,13262456
3,1232,13262491
3,1233,13262549
3,1234,13262571
3,1235,13262738
3,1236,12913954
3,1237,13262764
3,1238,13262803
3,1239,13262855
3,1240,13262906
3,1241,13263903
3,1242,12913994
3,1243,12915620
3,1244,12915729
3,1245,12915754
3,1246,12916821
3,1247,12917973
3,1248,12918071
2,1250,4077408
2,1251,4077417
2,1252,4077507
2,1254,4077419
2,1255,4077420
2,1256,4077421
2,1257,4077422
2,1258,4077423
2,1259,4077424
2,1260,4077425
2,1261,4077426
2,1263,4077427
2,1265,4077429
2,1266,4077430
2,1267,4077431
2,1268,4077432
2,1269,4077433
2,1270,4077434
2,1271,4077435
2,1272,4077436
2,1275,4077438
2,1276,4077439
2,1277,4077440
2,1278,4077441
2,1279,4077442
2,1280,4077443
2,1281,4077444
2,1282,4077445
2,1283,4077446
2,1284,4077411
2,1285,4077447
2,1286,4077448
2,1288,4077450
2,1289,4077451
2,1290,4077452
2,1291,4077453
2,1292,4077454
2,1293,4077455
2,1294,4077456
2,1296,4077457
2,1297,4077458
2,1299,4077460
2,1300,4077461
2,1301,4077462
2,1303,4077464
2,1304,4077465
2,1305,4077466
2,1309,4077469
2,1310,4077470
2,1311,4077471
2,1312,4077472
2,1313,4077473
2,1315,4077475
2,1316,4077476
2,1317,4077414
2,1318,4077477
2,1319,4077478
2,1320,4077479
2,1321,4077480
2,1322,4077481
2,1323,4077482
2,1324,4077483
2,1325,4077484
2,1327,4077486
2,1329,4077487
2,1330,4077488
2,1332,4077490
2,1333,4077491
2,1334,4077492
2,1335,4077493
2,1337,4077495
2,1339,4077416
2,1340,4077497
2,1341,4077498
2,1342,4077499
2,1343,4077500
2,1344,4077501
2,1345,4077502
2,1346,4077503
2,1347,4077504
2,1349,4077506
2,1350,4077508
2,1351,4077509
2,1353,4077519
2,1354,4077520
2,1356,4077522
2,1357,4077523
2,1359,4077525
2,1360,4077526
2,1361,4077527
2,1362,4077510
2,1363,4077528
2,1364,4077529
2,1365,4077530
2,1366,4077531
2,1367,4077532
2,1368,4077533
2,1370,4077535
2,1371,4077536
2,1372,4077537
2,1373,4077511
2,1374,4077538
2,1375,4077539
2,1376,4077540
2,1378,4077542
2,1381,4077545
2,1383,4077547
2,1384,4077512
2,1385,4077548
2,1386,4077549
2,1388,4077551
2,1389,4077552
2,1390,4077553
2,1392,4077555
2,1394,4077557
2,1395,4077513
2,1396,4077558
2,1397,4077559
2,1399,4077561
2,1400,4077562
2,1402,4077564
2,1403,4077565
2,1404,4077566
2,1405,4077567
2,1406,4077514
2,1408,4077569
2,1409,4077570
2,1410,4077571
2,1411,4077572
2,1412,4077573
2,1413,4077574
2,1414,4077575
2,1415,4077576
2,1416,4077577
2,1417,4077515
2,1418,4077578
2,1419,4077579
2,1420,4077580
2,1421,4077581
2,1422,4077582
2,1423,4077583
2,1424,4077584
2,1425,4077585
2,1426,4077586
2,1428,4077516
2,1430,4077589
2,1431,4077590
2,1432,4077591
2,1433,4077592
2,1434,4077593
2,1435,4077594
2,1436,4077595
2,1437,4077596
2,1438,4077597
2,1439,4077517
2,1440,4077598
2,1442,4077600
2,1443,4077601
2,1444,4077602
2,1445,4077603
2,1447,4077605
2,1451,4077609
2,1453,4077619
2,1454,4077620
2,1455,4077621
2,1456,4077622
2,1457,4077623
2,1458,4077624
2,1459,4077625
2,1460,4077626
2,1461,4077627
2,1462,4077610
2,1463,4077628
2,1464,4077629
2,1465,4077630
2,1466,4077631
2,1467,4077632
2,1469,4077634
2,1470,4077635
2,1471,4077636
2,1472,4077637
2,1473,4077611
2,1475,4077639
2,1476,4077640
2,1477,4077641
2,1478,4077642
2,1479,4077643
2,1480,4077644
2,1482,4077646
2,1483,4077647
2,1487,4077650
2,1488,4077651
2,1489,4077652
2,1491,4077654
2,1492,4077655
2,1493,4077656
2,1495,4077613
2,1497,4077659
2,1498,4077660
2,1499,4077661
2,1500,4077662
2,1501,4077663
2,1506,4077614
2,1507,4077668
2,1508,4077669
2,1509,4077670
2,1510,4077671
2,1511,4077672
2,1512,4077673
2,1513,4077674
2,1514,4077675
2,1515,4077676
2,1516,4077677
2,1517,4077615
2,1518,4077678
2,1519,4077679
2,1520,4077680
2,1521,4077681
2,1522,4077682
2,1523,4077683
2,1525,4077685
2,1526,4077686
2,1527,4077687
2,1528,4077616
2,1530,4077689
2,1531,4077690
2,1532,4077691
2,1533,4077692
2,1534,4077693
2,1537,4077696
2,1540,4077698
2,1541,4077699
2,1543,4077701
2,1544,4077702
2,1548,4077706
2,1549,4077707
2,1550,4077708
2,1552,4077718
2,1553,4077719
2,1555,4077721
2,1556,4077722
2,1558,4077724
2,1559,4077725
2,1561,4077727
2,1563,4077728
2,1564,4077729
2,1565,4077730
2,1566,4077731
2,1567,4077732
2,1568,4077733
2,1569,4077734
2,1570,4077735
2,1571,4077736
2,1572,4077737
2,1573,4077711
2,1574,4077738
2,1576,4077740
2,1577,4077741
2,1578,4077742
2,1579,4077743
2,1580,4077744
2,1581,4077745
2,1582,4077746
2,1583,4077747
2,1584,4077712
2,1585,4077748
2,1586,4077749
2,1587,4077750
2,1588,4077751
2,1589,4077752
2,1590,4077753
2,1591,4077754
2,1592,4077755
2,1593,4077756
2,1594,4077757
2,1595,4077713
2,1596,4077758
2,1598,4077760
2,1599,4077761
2,1600,4077762
2,1603,4077765
2,1604,4077766
2,1606,4077714
2,1609,4077770
2,1611,4077772
2,1612,4077773
2,1613,4077774
2,1614,4077775
2,1616,4077777
2,1617,4077715
2,1618,4077778
2,1620,4077780
2,1621,4077781
2,1622,4077782
2,1623,4077783
2,1627,4077787
2,1628,4077716
2,1630,4077789
2,1632,4077791
2,1633,4077792
2,1634,4077793
2,1636,4077795
2,1637,4077796
2,1638,4077797
2,1639,4077717
2,1640,4077798
2,1644,4077802
2,1646,4077804
2,1647,4077805
2,1649,4077807
2,1651,4077809
2,1655,4077821
2,1659,4077825
2,1660,4077826
2,1661,4077827
2,1662,4077810
2,1664,4077829
2,1665,4077830
2,1666,4077831
2,1667,4077832
2,1670,4077835
2,1671,4077836
2,1672,4077837
2,1675,4077839
2,1677,4077841
2,1678,4077842
2,1679,4077843
2,1680,4077844
2,1683,4077847
2,1684,4077812
2,1685,4077848
2,1686,4077849
2,1688,4077851
2,1690,4077853
2,1694,4077857
2,1695,4077813
2,1696,4077858
2,1697,4077859
2,1698,4077860
2,1699,4077861
2,1700,4077862
2,1701,4077863
2,1702,4077864
2,1703,4077865
2,1706,4077814
2,1707,4077868
2,1708,4077869
2,1709,4077870
2,1710,4077871
2,1711,4077872
2,1713,4077874
2,1714,4077875
2,1715,4077876
2,1716,4077877
2,1717,4077815
2,1718,4077878
2,1719,4077879
2,1721,4077881
2,1722,4077882
2,1724,4077884
2,1725,4077885
2,1726,4077886
2,1727,4077887
2,1728,4077816
2,1729,4077888
2,1734,4077893
2,1735,4077894
2,1736,4077895
2,1737,4077896
2,1739,4077817
2,1740,4077898
2,1741,4077899
2,1742,4077900
2,1743,4077901
2,1744,4077902
2,1745,4077903
2,1748,4077906
2,1750,4077908
2,1752,4077918
2,1753,4077919
2,1755,4077921
2,1756,4077922
2,1758,4077924
2,1759,4077925
2,1760,4077926
2,1762,4077910
2,1766,4077931
2,1767,4077932
2,1768,4077933
2,1769,4077934
2,1770,4077935
2,1771,4077936
2,1773,4077911
2,1774,4077938
2,1776,4077940
2,1777,4077941
2,1778,4077942
2,1781,4077945
2,1782,4077946
2,1783,4077947
2,1784,4077912
2,1785,4077948
2,1787,4077950
2,1788,4077951
2,1789,4077952
2,1790,4077953
2,1792,4077955
2,1793,4077956
2,1794,4077957
2,1795,4077913
2,1796,4077958
2,1797,4077959
2,1800,4077962
2,1802,4077964
2,1804,4077966
2,1805,4077967
2,1807,4077968
2,1808,4077969
2,1809,4077970
2,1811,4077972
2,1812,4077973
2,1813,4077974
2,1814,4077975
2,1815,4077976
2,1816,4077977
2,1817,4077915
2,1818,4077978
2,1819,4077979
2,1820,4077980
2,1821,4077981
2,1822,4077982
2,1823,4077983
2,1824,4077984
2,1825,4077985
2,1826,4077986
2,1828,4077916
2,1829,4077988
2,1830,4077989
2,1832,4077991
2,1833,4077992
2,1834,4077993
2,1835,4077994
2,1836,4077995
2,1837,4077996
2,1838,4077997
2,1840,4077998
2,1841,4077999
2,1842,4078000
2,1843,4078001
2,1844,4078002
2,1845,4078003
2,1846,4078004
2,1847,4078005
2,1848,4078006
2,1849,4078007
2,1850,4078008
2,1852,4078018
2,1853,4078019
2,1856,4078022
2,1857,4078023
2,1858,4078024
2,1859,4078025
2,1860,4078026
2,1862,4078010
2,1863,4078028
2,1864,4078029
2,1865,4078030
2,1866,4078031
2,1867,4078032
2,1868,4078033
2,1869,4078034
2,1871,4078036
2,1874,4078038
2,1876,4078040
2,1878,4078042
2,1879,4078043
2,1881,4078045
2,1882,4078046
2,1883,4078047
2,1884,4078012
2,1886,4078049
2,1888,4078051
2,1889,4078052
2,1891,4078054
2,1893,4078056
2,1894,4078057
2,1895,4078013
2,1897,4078059
2,1899,4078061
2,1900,4078062
2,1901,4078063
2,1903,4078065
2,1904,4078066
2,1905,4078067
2,1906,4078014
2,1910,4078071
2,1911,4078072
2,1912,4078073
2,1913,4078074
2,1915,4078076
2,1917,4078015
2,1918,4078078
2,1920,4078080
2,1921,4078081
2,1922,4078082
2,1923,4078083
2,1926,4078086
2,1927,4078087
2,1928,4078016
2,1929,4078088
2,1930,4078089
2,1932,4078091
2,1933,4078092
2,1935,4078094
2,1936,4078095
2,1937,4078096
2,1938,4078097
2,1939,4078017
2,1940,4078098
2,1941,4078099
2,1942,4078100
2,1943,4078101
2,1944,4078102
2,1945,4078103
2,1946,4078104
2,1947,4078105
2,1948,4078106
2,1949,4078107
2,1950,4078108
2,1951,4078109
2,1952,4078118
2,1953,4078119
2,1954,4078120
2,1955,4078121
2,1956,4078122
2,1957,4078123
2,1959,4078125
2,1960,4078126
2,1961,4078127
2,1962,4078110
2,1963,4078128
2,1964,4078129
2,1965,4078130
2,1966,4078131
2,1967,4078132
2,1968,4078133
2,1969,4078134
2,1970,4078135
2,1971,4078136
2,1972,4078137
2,1973,4078111
2,1974,4078138
2,1975,4078139
2,1976,4078140
2,1977,4078141
2,1978,4078142
2,1979,4078143
2,1980,4078144
2,1981,4078145
2,1982,4078146
2,1983,4078147
2,1984,4078112
2,1985,4078148
2,1986,4078149
2,1987,4078150
2,1988,4078151
2,1989,4078152
2,1990,4078153
2,1991,4078154
2,1992,4078155
2,1993,4078156
2,1994,4078157
2,1995,4078113
2,1996,4078158
2,1997,4078159
2,1998,4078160
2,1999,4078161
2,2000,4078162
2,2001,4078163
2,2002,4078164
2,2003,4078165
2,2004,4078166
2,2005,4078167
2,2006,4078114
2,2007,4078168
2,2008,4078169
2,2009,4078170
2,2010,4078171
2,2011,4078172
2,2012,4078173
2,2013,4078174
2,2014,4078175
2,2015,4078176
2,2016,4078177
2,2017,4078115
2,2018,4078178
2,2019,4078179
2,2020,4078180
2,2021,4078181
2,2022,4078182
2,2023,4078183
2,2024,4078184
2,2025,4078185
2,2026,4078186
2,2027,4078187
2,2028,4078116
2,2029,4078188
2,2030,4078189
2,2031,4078190
2,2032,4078191
2,2033,4078192
2,2034,4078193
2,2035,4078194
2,2036,4078195
2,2037,4078196
2,2038,4078197
2,2040,4078198
2,2041,4078199
2,2042,4078200
2,2043,4078201
2,2044,4078202
2,2045,4078203
2,2046,4078204
2,2047,4078205
2,2048,4078206
2,2049,4078207
2,2050,4078208
2,2051,4078209
2,2052,4078218
2,2053,4078219
2,2054,4078220
2,2055,4078221
2,2056,4078222
2,2057,4078223
2,2058,4078224
2,2059,4078225
2,2060,4078226
2,2061,4078227
2,2063,4078228
2,2064,4078229
2,2065,4078230
2,2066,4078231
2,2067,4078232
2,2068,4078234
2,2069,4078235
2,2070,4078236
2,2071,4078237
2,2072,4078238
2,2073,4078211
2,2074,4078239
2,2075,4078240
2,2076,4078241
2,2077,4078242
2,2078,4078243
2,2079,4078244
2,2080,4078245
2,2081,4078246
2,2082,4078247
2,2083,4078248
2,2084,4078212
2,2085,4078249
2,2086,4078250
2,2088,4078252
2,2089,4078253
2,2090,4078254
2,2091,4078255
2,2092,4078256
2,2093,4078257
2,2094,4078258
2,2095,4078213
2,2096,4078259
2,2097,4078260
2,2098,4078261
2,2099,4078262
2,2101,4078264
2,2102,4078265
2,2103,4078266
2,2104,4078267
2,2105,4078268
2,2106,4078214
2,2107,4078269
2,2108,4078270
2,2109,4078271
2,2110,4078272
2,2111,4078273
2,2112,4078274
2,2113,4078275
2,2114,4078276
2,2115,4078277
2,2116,4078278
2,2117,4078215
2,2118,4078279
2,2119,4078280
2,2120,4078281
2,2121,4078282
2,2122,4078283
2,2123,4078284
2,2124,4078285
2,2125,4078286
2,2126,4078287
2,2127,4078288
2,2128,4078216
2,2129,4078289
2,2130,4078290
2,2131,4078291
2,2132,4078292
2,2133,4078293
2,2134,4078294
2,2135,4078295
2,2136,4078296
2,2138,4078298
2,2139,4078217
2,2140,4078299
2,2142,4078301
2,2143,4078302
2,2144,4078303
2,2145,4078304
2,2146,4078305
2,2147,4078306
2,2148,4078307
2,2149,4078308
2,2150,4078309
2,2151,4078310
2,2152,4078319
2,2153,4078320
2,2154,4078321
2,2155,4078322
2,2156,4078323
2,2158,4078325
2,2159,4078326
2,2160,4078327
2,2161,4078328
2,2162,4078311
2,2165,4078331
2,2166,4078332
2,2167,4078333
2,2168,4078334
2,2169,4078335
2,2170,4078336
2,2171,4078337
2,2172,4078338
2,2173,4078312
2,2174,4078339
2,2175,4078340
2,2176,4078341
2,2179,4078344
2,2180,4078345
2,2181,4078346
2,2182,4078347
2,2184,4078313
2,2186,4078350
2,2187,4078351
2,2192,4078356
2,2195,4078314
2,2196,4078359
2,2199,4078362
2,2203,4078366
2,2205,4078368
2,2208,4078370
2,2209,4078371
2,2211,4078373
2,2215,4078377
2,2216,4078378
2,2217,4078316
2,2220,4078382
2,2228,4078317
2,2229,4078393
2,2230,4078394
2,2235,4078400
2,2237,4078402
2,2238,4078403
2,2239,4078318
2,2240,4078404
2,2241,4078405
2,2242,4078407
2,2244,4078409
2,2245,4078410
2,2246,4078411
2,2251,4078416
2,2254,4078428
2,2256,4078430
2,2257,4078431
2,2258,4078432
2,2262,4078417
2,2263,4078436
2,2264,4078437
2,2265,4078438
2,2266,4078439
2,2267,4078440
2,2268,4078441
2,2269,4078442
2,2270,4078443
2,2271,4078444
2,2273,4078418
2,2275,4078448
2,2276,4078449
2,2277,4078450
2,2281,4078454
2,2282,4078455
2,2283,4078457
2,2286,4078467
2,2287,4078471
2,2289,4078473
2,2290,4078478
2,2292,4078511
2,2295,4078420
2,2314,4078534
2,2323,4078542
2,2325,4078545
2,2330,4078549
2,2331,4078550
2,2332,4078551
2,2334,4078553
2,2335,4078554
2,2336,4078555
2,2338,4078557
2,2340,4078558
2,2342,4078560
2,2344,4078562
2,2350,4078568
2,2355,4078581
2,2356,4078582
2,2357,4078583
2,2360,4078586
2,2366,4078591
2,2367,4078592
2,2368,4078593
2,2369,4078594
2,2371,4078596
2,2373,4078571
2,2378,4078602
2,2381,4078605
2,2384,4078572
2,2385,4078608
2,2389,4078612
2,2395,4078573
2,2396,4078618
2,2397,4078619
2,2403,4078625
2,2408,4078630
2,2409,4078631
2,2410,4078632
2,2412,4078634
2,2414,4078636
2,2417,4078575
2,2418,4078639
2,2419,4078640
2,2420,4078641
2,2421,4078642
2,2422,4078643
2,2423,4078644
2,2430,4078650
2,2436,4078656
2,2437,4078657
2,2438,4078658
2,2439,4078577
2,2440,4078659
2,2441,4078660
2,2444,4078663
2,2448,4078667
2,2450,4078669
2,2453,4078680
2,2455,4078682
2,2459,4078686
2,2462,4078671
2,2463,4078689
2,2465,4078691
2,2466,4078692
2,2467,4078693
2,2468,4078694
2,2469,4078695
2,2470,4078696
2,2474,4078699
2,2475,4078700
2,2476,4078701
2,2477,4078702
2,2478,4078703
2,2481,4078706
2,2483,4078708
2,2485,4078709
2,2487,4078711
2,2488,4078712
2,2489,4078713
2,2490,4078714
2,2493,4078717
2,2494,4078718
2,2495,4078674
2,2496,4078719
2,2498,4078721
2,2504,4078727
2,2509,4078731
2,2511,4078733
2,2512,4078734
2,2513,4078735
2,2514,4078736
2,2515,4078737
2,2516,4078738
2,2517,4078676
2,2519,4078740
2,2520,4078741
2,2521,4078742
2,2525,4078746
2,2526,4078747
2,2532,4078752
2,2533,4078753
2,2534,4078754
2,2537,4078757
2,2538,4078758
2,2539,4078678
2,2540,4078759
2,2542,4078761
2,2543,4078762
2,2544,4078763
2,2545,4078764
2,2547,4078766
2,2549,4078768
2,2552,4078779
2,2553,4078781
2,2555,4078783
2,2557,4078785
2,2559,4078787
2,2561,4078789
2,2563,4078790
2,2564,4078791
2,2566,4078793
2,2567,4078794
2,2568,4078795
2,2569,4078796
2,2570,4078797
2,2571,4078798
2,2572,4078799
2,2574,4078800
2,2577,4078803
2,2581,4078807
2,2582,4078808
2,2586,4078811
2,2587,4078812
2,2588,4078813
2,2591,4078816
2,2594,4078819
2,2596,4078820
2,2601,4078825
2,2602,4078826
2,2603,4078827
2,2607,4078830
2,2611,4078834
2,2612,4078835
2,2613,4078836
2,2618,4078840
2,2619,4078841
2,2620,4078842
2,2622,4078844
2,2625,4078847
2,2628,4078777
2,2629,4078850
2,2630,4078851
2,2631,4078852
2,2632,4078853
2,2633,4078854
2,2634,4078855
2,2635,4078856
2,2636,4078857
2,2638,4078859
2,2640,4078860
2,2641,4078861
2,2642,4078862
2,2643,4078863
2,2644,4078864
2,2645,4078865
2,2647,4078867
2,2648,4078868
2,2650,4078870
2,2656,4078884
2,2657,4078885
2,2658,4078886
2,2661,4078889
2,2662,4078872
2,2663,4078890
2,2665,4078892
2,2666,4078893
2,2668,4078895
2,2669,4078896
2,2670,4078897
2,2671,4078898
2,2673,4078873
2,2674,4078900
2,2675,4078901
2,2676,4078902
2,2677,4078903
2,2678,4078904
2,2679,4078905
2,2680,4078906
2,2681,4078907
2,2682,4078908
2,2683,4078909
2,2684,4078874
2,2685,4078910
2,2686,4078911
2,2688,4078913
2,2689,4078914
2,2691,4078916
2,2693,4078918
2,2696,4078920
2,2697,4078921
2,2700,4078924
2,2701,4078925
2,2702,4078926
2,2703,4078927
2,2705,4078929
2,2707,4078930
2,2708,4078931
2,2710,4078933
2,2713,4078936
2,2718,4078940
2,2719,4078941
2,2720,4078942
2,2721,4078943
2,2722,4078944
2,2724,4078946
2,2726,4078948
2,2727,4078949
2,2728,4078878
2,2730,4078951
2,2731,4078952
2,2732,4078953
2,2734,4078955
2,2735,4078956
2,2736,4078957
2,2737,4078958
2,2738,4078959
2,2740,4078960
2,2742,4078962
2,2743,4078963
2,2744,4078964
2,2745,4078965
2,2746,4078966
2,2747,4078967
2,2749,4078969
2,2750,4078970
2,2754,4078983
2,2755,4078984
2,2756,4078985
2,2758,4078987
2,2759,4078988
2,2760,4078989
2,2762,4078973
2,2764,4078992
2,2765,4078993
2,2767,4078995
2,2768,4078996
2,2769,4078997
2,2770,4078998
2,2771,4078999
2,2772,4079000
2,2773,4078974
2,2774,4079001
2,2775,4079002
2,2777,4079004
2,2778,4079005
2,2780,4079007
2,2781,4079008
2,2783,4079010
2,2784,4078975
2,2786,4079012
2,2787,4079013
2,2790,4079016
2,2791,4079017
2,2793,4079019
2,2794,4079021
2,2795,4078976
2,2797,4079023
2,2802,4079028
2,2803,4079029
2,2804,4079030
2,2805,4079031
2,2807,4079032
2,2810,4079035
2,2811,4079036
2,2812,4079037
2,2814,4079039
2,2815,4079040
2,2819,4079043
2,2820,4079044
2,2821,4079045
2,2822,4079046
2,2823,4079047
2,2826,4079050
2,2827,4079051
2,2829,4079052
2,2831,4079054
2,2832,4079055
2,2834,4079057
2,2835,4079058
2,2836,4079059
2,2837,4079060
2,2838,4079061
2,2839,4078980
2,2840,4079063
2,2841,4079065
2,2844,4079068
2,2845,4079069
2,2846,4079070
2,2847,4079071
2,2848,4079072
2,2849,4079073
2,2850,4079074
2,2851,4079075
2,2852,4079085
2,2853,4079086
2,2855,4079088
2,2857,4079090
2,2858,4079091
2,2860,4079093
2,2861,4079094
2,2862,4079076
2,2863,4079095
2,2864,4079096
2,2865,4079097
2,2866,4079098
2,2868,4079100
2,2869,4079101
2,2870,4079102
2,2872,4079104
2,2873,4079077
2,2874,4079105
2,2875,4079106
2,2876,4079107
2,2879,4079111
2,2881,4079113
2,2882,4079114
2,2884,4079079
2,2885,4079116
2,2887,4079118
2,2888,4079119
2,2890,4079121
2,2891,4079122
2,2892,4079123
2,2893,4079124
2,2895,4079080
2,2897,4079127
2,2898,4079128
2,2899,4079129
2,2900,4079130
2,2901,4079131
2,2902,4079132
2,2903,4079133
6,2896,4079126
2,2904,4079134
2,2905,4079135
2,2908,4079137
2,2909,4079138
2,2911,4079140
2,2912,4079141
2,2913,4079142
2,2914,4079144
2,2915,4079145
2,2917,4079082
2,2918,4079147
2,2919,4079148
2,2920,4079149
2,2921,4079150
2,2923,4079152
2,2924,4079153
2,2926,4079155
2,2927,4079156
2,2928,4079083
2,2930,4079158
2,2934,4079162
2,2935,4079163
2,2936,4079164
2,2937,4079165
2,2938,4079166
2,2940,4079167
2,2941,4079168
2,2944,4079171
2,2946,4079173
2,2947,4079174
2,2949,4079176
2,2950,4079177
2,2951,4079178
2,2953,4079189
2,2955,4079191
2,2957,4079193
2,2959,4079195
2,2960,4079196
2,2961,4079197
2,2964,4079199
2,2965,4079200
2,2966,4079201
2,2967,4079202
2,2968,4079203
2,2969,4079204
2,2971,4079206
2,2972,4079207
2,2973,4079180
2,2976,4079210
2,2977,4079211
2,2979,4079213
2,2981,4079215
2,2982,4079216
2,2983,4079217
2,2985,4079218
2,2986,4079219
2,2987,4079220
2,2988,4079221
2,2989,4079222
2,2990,4079223
2,2991,4079224
2,2992,4079225
2,2994,4079227
2,2998,4079230
2,2999,4079231
2,3001,4079233
2,3002,4079234
2,3003,4079235
2,3004,4079236
2,3005,4079237
2,3006,4079183
2,3007,4079238
2,3008,4079239
2,3009,4079240
2,3010,4079241
2,3012,4079243
2,3014,4079245
2,3015,4079246
2,3016,4079247
2,3017,4079184
2,3018,4079248
2,3021,4079251
2,3023,4079253
2,3024,4079254
2,3025,4079255
2,3026,4079256
2,3027,4079257
2,3029,4079258
2,3031,4079260
2,3032,4079261
2,3033,4079262
2,3034,4079263
2,3035,4079264
2,3036,4079265
2,3037,4079266
2,3038,4079267
2,3039,4079187
2,3040,4079268
2,3041,4079269
2,3042,4079270
2,3043,4079271
2,3044,4079272
2,3045,4079273
2,3046,4079274
2,3047,4079275
2,3048,4079276
2,3049,4079277
2,3051,4079279
2,3053,4079289
2,3055,4079291
2,3056,4079292
2,3057,4079293
2,3058,4079294
2,3059,4079295
2,3060,4079296
2,3061,4079297
2,3062,4079280
2,3067,4079302
2,3068,4079303
2,3070,4079305
2,3073,4079281
2,3076,4079310
2,3077,4079311
2,3080,4079314
2,3081,4079315
2,3084,4079282
2,3087,4079320
2,3088,4079321
2,3090,4079323
2,3091,4079324
2,3094,4079327
2,3095,4079283
2,3096,4079328
2,3097,4079329
2,3098,4079330
2,3099,4079331
2,3101,4079333
2,3102,4079334
2,3105,4079337
2,3109,4079340
2,3111,4079342
2,3112,4079343
2,3115,4079346
2,3116,4079347
2,3118,4079348
2,3119,4079349
2,3121,4079351
2,3122,4079352
2,3125,4079355
2,3126,4079356
2,3127,4079357
2,3129,4079358
2,3130,4079359
2,3131,4079360
2,3137,4079366
2,3138,4079367
2,3139,4079287
2,3142,4079370
2,3144,4079372
2,3145,4079373
2,3146,4079375
2,3147,4079376
2,3148,4079377
2,3149,4079378
2,3150,4079380
2,3151,4079381
2,3152,4079390
2,3153,4079392
2,3154,4079393
2,3155,4079394
2,3156,4079395
2,3158,4079397
2,3160,4079399
2,3161,4079400
2,3162,4079382
2,3164,4079402
2,3165,4079403
2,3168,4079406
2,3170,4079408
2,3171,4079409
2,3172,4079410
2,3173,4079383
2,3174,4079411
2,3175,4079412
2,3176,4079413
2,3177,4079414
2,3179,4079416
2,3180,4079417
2,3181,4079418
2,3183,4079420
2,3184,4079384
2,3185,4079421
2,3186,4079422
2,3188,4079424
2,3190,4079426
2,3194,4079430
2,3195,4079385
2,3196,4079431
2,3200,4079435
2,3201,4079436
2,3202,4079437
2,3203,4079438
2,3204,4079439
2,3206,4079386
2,3207,4079441
2,3208,4079442
2,3209,4079443
2,3211,4079445
2,3212,4079446
2,3213,4079447
2,3214,4079448
2,3216,4079450
2,3219,4079452
2,3220,4079453
2,3221,4079454
2,3222,4079455
2,3223,4079456
2,3224,4079457
2,3225,4079458
2,3227,4079460
2,3232,4079464
2,3233,4079465
2,3234,4079466
2,3235,4079467
2,3236,4079468
2,3237,4079469
2,3238,4079470
2,3239,4079389
2,3240,4079471
2,3241,4079472
2,3243,4079474
2,3244,4079475
2,3245,4079476
2,3246,4079477
2,3247,4079478
2,3248,4079479
2,3250,4079481
2,3251,4079482
2,3256,4079495
2,3257,4079496
2,3260,4079499
2,3262,4079483
2,3264,4079502
2,3266,4079504
2,3270,4079508
2,3271,4079509
2,3272,4079510
2,3274,4079511
2,3276,4079513
2,3277,4079514
2,3278,4079515
2,3279,4079516
2,3281,4079518
2,3283,4079520
2,3284,4079485
2,3287,4079523
2,3288,4079524
2,3289,4079525
2,3290,4079526
2,3292,4079528
2,3293,4079529
2,3295,4079486
2,3298,4079533
2,3299,4079534
2,3300,4079535
2,3301,4079536
2,3302,4079537
2,3304,4079539
2,3308,4079542
2,3309,4079543
2,3311,4079545
2,3312,4079546
2,3314,4079548
2,3315,4079549
2,3317,4079488
2,3318,4079551
2,3319,4079552
2,3322,4079555
2,3323,4079556
2,3324,4079557
2,3326,4079559
2,3327,4079560
2,3328,4079489
2,3330,4079562
2,3332,4079564
2,3333,4079565
2,3334,4079566
2,3335,4079567
2,3336,4079568
2,3337,4079569
2,3338,4079570
2,3340,4079571
2,3341,4079572
2,3343,4079574
2,3346,4079577
2,3347,4079578
2,3348,4079579
2,3349,4079580
2,3350,4079581
2,3353,4079592
2,3354,4079593
2,3356,4079596
2,3357,4079597
2,3359,4079603
2,3360,4079604
2,3361,4079605
2,3363,4079606
2,3364,4079607
2,3365,4079612
2,3367,4079614
2,3369,4079616
2,3372,4079619
2,3373,4079584
2,3374,4079620
2,3375,4079621
2,3376,4079622
2,3377,4079623
2,3383,4079629
2,3384,4079585
2,3386,4079631
2,3387,4079632
2,3389,4079634
2,3390,4079635
2,3391,4079636
2,3393,4079638
2,3394,4079639
2,3402,4079646
2,3404,4079648
2,3405,4079649
2,3406,4079587
2,3408,4079651
2,3409,4079652
2,3411,4079654
2,3414,4079657
2,3417,4079588
2,3418,4079660
2,3424,4079666
2,3425,4079667
2,3427,4079669
2,3428,4079589
2,3430,4079673
2,3431,4079674
2,3437,4079680
2,3438,4079681
2,3442,4079684
2,3445,4079687
2,3448,4079690
2,3449,4079691
2,3450,4079692
2,3452,4079702
2,3453,4079703
2,3454,4079704
2,3455,4079705
2,3456,4079706
2,3457,4079707
2,3458,4079708
2,3459,4079709
2,3460,4079710
2,3461,4079711
2,3462,4079694
2,3463,4079712
2,3466,4079715
2,3467,4079716
2,3470,4079719
2,3471,4079720
2,3475,4079723
2,3477,4079725
2,3478,4079726
2,3479,4079727
2,3484,4079696
2,3489,4079736
2,3491,4079738
2,3492,4079740
2,3494,4079742
2,3496,4079743
2,3497,4079744
2,3498,4079745
2,3499,4079746
2,3502,4079749
2,3503,4079750
2,3506,4079698
2,3509,4079755
2,3510,4079756
2,3513,4079759
2,3517,4079699
2,3519,4079765
2,3520,4079766
2,3521,4079768
2,3522,4079772
2,3523,4079776
2,3524,4079778
2,3525,4079779
2,3526,4079781
2,3527,4079782
2,3529,4079784
2,3530,4079790
2,3531,4079793
2,3532,4079795
2,3533,4079799
2,3535,4079801
2,3537,4079807
2,3539,4079701
2,3540,4079809
2,3541,4079810
2,3542,4079811
2,3545,4079815
2,3548,4079818
2,3549,4079819
2,3550,4079820
2,3555,4079833
2,3560,4079847
2,3561,4079848
2,3562,4079822
2,3563,4079849
2,3565,4079855
2,3566,4079856
2,3567,4079857
2,3568,4079870
2,3569,4079871
2,3570,4079877
2,3573,4079823
2,3576,4079901
2,3585,4079911
2,3595,4079825
2,3596,4135866
2,3597,5002860
2,3599,5003059
2,3606,4079826
2,3607,5018078
2,3612,5412417
2,3613,5418997
2,3618,5419966
2,3619,5419977
2,3620,5419994
2,3627,5450719
2,3628,4079828
2,3629,5453218
2,3631,5461792
2,3632,5474446
2,3633,5475177
2,3636,5477081
2,3639,4079829
2,3643,5539589
2,3644,5540072
2,3648,5550628
2,3649,5643468
2,3653,5801338
2,3663,6134821
2,3664,6215960
2,3667,6218495
2,3668,6219103
2,3669,6226881
2,3673,5651253
2,3676,6297239
2,3679,6300899
2,3680,6310236
2,3681,6312518
2,3685,6353428
2,3688,6436936
2,3690,6462262
2,3692,6483643
2,3694,6517282
2,3696,6568033
2,3697,6568036
2,3698,6568060
2,3699,6568075
2,3700,6568117
2,3701,6568122
2,3702,6568128
2,3703,6568136
2,3704,6568150
2,3705,6568169
2,3706,5689332
2,3707,6568187
2,3708,6568201
2,3709,6568209
2,3710,6568281
2,3712,6568332
2,3714,6568341
2,3716,6605663
2,3724,6624818
2,3746,6909662
2,3750,6909771
2,3751,6909780
2,3754,6910249
2,3755,6910295
2,3757,6910325
2,3759,6910488
2,3761,6910509
2,3762,6909796
2,3763,6910522
2,3764,6910534
2,3765,6910546
2,3767,6910676
2,3771,6910799
2,3776,6911136
2,3777,6911269
2,3781,6912071
2,3783,6913592
2,3784,6909819
2,3788,6913679
2,3789,6913686
2,3792,6914999
2,3795,6909888
2,3796,6915356
2,3797,6915364
2,3800,6915510
2,3802,6915527
2,3804,6915644
2,3806,6909924
2,3808,6939255
2,3815,7091936
2,3818,7128088
2,3819,7138714
2,3821,7227021
2,3822,7227044
2,3823,7227068
2,3824,7228614
2,3825,7228617
2,3826,7228621
2,3828,6910078
2,3829,7252968
2,3830,7268833
2,3832,7269056
2,3833,7269092
2,3834,7269162
2,3835,7269170
2,3836,7269175
2,3837,7269279
2,3839,6910089
2,3840,7269668
2,3841,7269692
2,3842,7289332
2,3844,7316176
2,3845,7318196
2,3851,7451580
2,3852,7476552
2,3853,7555111
2,3854,7582541
2,3856,7583297
2,3857,7583509
2,3858,7584170
2,3859,7584301
2,3860,7584441
2,3861,7606481
2,3862,7459248
2,3863,7647528
2,3864,7677600
2,3869,7746977
2,3871,7748797
2,3872,7748994
2,3874,7749004
2,3876,7749023
2,3881,7837733
2,3885,7923465
2,3890,8081812
2,3891,8218518
2,3894,8386493
2,3897,8429237
2,3901,8616186
2,3902,8618260
2,3905,8634152
2,3909,8648545
2,3915,8723275
2,3916,8756743
2,3918,8768115
2,3919,8828437
2,3920,8838826
2,3925,8960418
2,3926,8960883
2,3927,8960910
2,3929,8960919
2,3930,8960927
2,3938,9033142
2,3946,9170223
2,3948,9185512
2,3950,9188769
2,3959,9487862
2,3963,9510475
2,3964,9510477
2,3967,9559751
2,3968,9559757
2,3969,9571781
2,3976,9688422
2,3977,9699296
2,3980,10080831
2,3983,10101500
2,3991,10208666
2,3992,10216841
2,3993,10234812
2,4006,9339935
2,4008,10324576
2,4009,10324583
2,4011,10389817
2,4012,10389835
2,4013,10391811
2,4017,9340181
2,4018,10392027
2,4021,10447290
2,4024,10475819
2,4026,10491409
2,4027,10504557
2,4028,9349666
2,4029,10523521
2,4030,10523531
2,4031,10523549
2,4032,10523556
2,4033,10523571
2,4037,10556284
2,4039,9361985
2,4042,10567054
2,4043,10567834
2,4049,10644847
2,4053,10787950
2,4056,10811677
2,4058,10825294
2,4059,10827735
2,4060,10846190
2,4062,10662033
2,4063,10926548
2,4064,10926653
2,4065,10926701
2,4066,10926880
2,4067,10926891
2,4068,10926899
2,4069,10927054
2,4070,10927066
2,4071,10927120
2,4072,10937279
2,4074,10940082
2,4080,11002018
2,4081,11002250
2,4082,11002327
2,4083,11002346
2,4085,11002352
2,4086,11002355
2,4087,11002582
2,4088,11002585
2,4089,11002627
2,4090,11002635
2,4091,11002638
2,4092,11002681
2,4093,11002694
2,4094,11002707
2,4095,10693393
2,4096,11002714
2,4097,11002725
2,4098,11002730
2,4099,11002741
2,4100,11002753
2,4101,11005307
2,4102,11005311
2,4103,11005322
2,4104,11005532
2,4105,11005535
2,4107,11005538
2,4108,11016494
2,4110,11044621
2,4114,11220805
2,4115,11228267
2,4116,11228659
2,4117,10721502
2,4123,11380697
2,4125,11497110
2,4129,11501183
2,4133,11502817
2,4135,11503289
2,4136,11503338
2,4137,11503368
2,4138,11520471
2,4140,11520500
2,4141,11524765
2,4144,11527418
2,4145,11527437
2,4147,11527460
2,4152,11613677
2,4154,11652142
2,4156,11655039
2,4157,11655069
2,4158,11655082
2,4159,11666953
2,4160,11677876
2,4161,11706244
2,4162,11542165
2,4163,11711968
2,4165,11748626
2,4167,11749114
2,4168,11753102
2,4169,11818353
2,4170,11823738
2,4171,11851774
2,4172,11885288
2,4173,11552369
2,4174,11888310
2,4175,11892534
2,4177,11904350
2,4179,11992353
2,4182,12040740
2,4185,12052197
2,4186,12052201
2,4187,12052212
2,4188,12053562
2,4189,12102274
2,4191,12107719
2,4192,12135995
2,4194,12172347
2,4195,11576762
2,4197,12198450
2,4201,12214700
2,4204,12271215
2,4206,11583096
2,4207,12305042
2,4208,12305080
2,4210,12307952
2,4211,12353974
2,4214,12375965
2,4215,12376692
2,4217,11594559
2,4218,12411985
2,4220,12444103
2,4221,12444120
2,4222,12444154
2,4223,12444183
2,4224,12444513
2,4226,12444545
2,4227,12444576
2,4228,11595433
2,4229,12444658
2,4230,12444665
2,4231,12444672
2,4232,12444678
2,4235,12444901
2,4236,12469736
2,4237,12474310
2,4238,12475155
2,4239,11612614
2,4241,12572058
2,4243,12575725
2,4244,12575736
2,4245,12575738
2,4246,12575741
2,4247,12575750
2,4248,12590759
2,4249,12759814
2,4250,12759817
2,4252,12914665
2,4253,12914708
2,4254,12914741
2,4255,12914797
2,4256,12914822
2,4257,12915241
2,4258,12915275
2,4259,12916385
2,4260,12916393
2,4261,12916399
2,4262,12801307
2,4263,12916405
2,4264,12916416
2,4265,12916421
2,4266,12916433
2,4267,12916446
2,4268,12916456
2,4269,12916460
2,4270,12916473
2,4271,12916497
2,4273,12812350
2,4274,12916689
2,4276,12916844
2,4278,12917582
2,4279,12917598
2,4280,12917607
2,4281,12917649
2,4283,12917726
2,4285,12917749
2,4286,12917772
2,4287,12917808
2,4288,12918061
2,4289,12918066
2,4290,12918087
2,4291,12918783
2,4292,12918899
2,4293,12918907
2,4294,12918915
2,4296,12918917
2,4297,12918919
2,4298,12918923
2,4299,12918929
2,4301,12918936
2,4302,12918940
2,4303,12918941
2,4304,12918943
2,4305,12918945
2,4307,12918952
2,4308,12919225
2,4309,12919368
2,4310,12919416
2,4311,12919426
2,4312,12919447
2,4313,12919459
2,4314,12952359
2,4315,12952498
2,4316,12952505
2,4317,12868511
2,4318,12952512
2,4319,12952539
2,4320,12952552
2,4321,12952581
2,4322,12953703
2,4323,12953716
2,4324,12954061
2,4325,12954451
2,4326,12954458
2,4327,12954477
2,4329,12954868
2,4330,12954894
2,4331,12979142
2,4332,12980251
2,4333,12992050
2,4334,13005855
2,4336,13086229
2,4337,13086299
2,4338,13086307
2,4344,13204194
2,4377,4080192
2,4388,4362131
2,4393,5685628
2,4396,5692866
2,4398,5693278
2,4399,5693338
2,4400,5693841
2,4403,5694760
2,4404,5695062
2,4407,5710361
2,4408,5710513
2,4409,5710527
2,4410,5710551
2,4411,5710568
2,4412,5747944
2,4413,5748444
2,4414,5799118
2,4415,5799308
2,4416,5799339
2,4418,5799357
2,4419,5799416
2,4421,5799497
2,4422,5799510
2,4423,5800523
2,4424,5800546
2,4425,5800552
2,4426,5801469
2,4427,5801726
2,4429,5801732
2,4432,5802498
2,4435,5802607
2,4436,5802656
2,4437,5802663
2,4440,5804381
2,4442,5804402
2,4444,5804849
2,4445,5849274
2,4446,5849320
2,4447,5849339
2,4448,5849360
2,4449,5860653
2,4450,4080184
2,4451,5860691
2,4452,5872412
2,4453,5872435
2,4454,5907750
2,4455,5952645
2,4456,5952681
2,4457,5952753
2,4458,5952771
2,4459,5952778
2,4463,5952830
2,4464,5956006
2,4465,5956367
2,4466,5956382
2,4467,5957755
2,4468,5957766
2,4471,6177422
2,4493,6177459
2,4494,6179368
2,4495,6259557
2,4501,6712428
2,4510,6937819
2,4511,6938577
2,4512,6939679
2,4513,6939720
2,4514,6939781
2,4515,6940172
2,4516,6203048
2,4518,6943129
2,4520,6943416
2,4521,6944104
2,4522,6944113
2,4523,6944489
2,4524,6944494
2,4525,6944551
2,4526,6944693
2,4527,6218596
2,4529,6944779
2,4530,6944983
2,4531,6947661
2,4534,6947667
2,4535,6947748
2,4536,6947874
2,4539,6948076
2,4540,6948211
2,4541,6948241
2,4542,6948294
2,4543,6948340
2,4545,6951466
2,4546,6951665
2,4547,6952003
2,4548,6952141
2,4549,6228478
2,4550,6952173
2,4551,6953537
2,4555,6953674
2,4557,6953936
2,4559,6954062
2,4562,6956483
2,4563,6956677
2,4564,6956714
2,4566,6958674
2,4567,6973163
2,4568,6973234
2,4569,6975377
2,4572,7141940
2,4581,8107430
2,4587,8600657
2,4588,8703926
2,4590,9086145
2,4596,9704985
2,4599,10537936
2,4609,11033364
2,4610,11033378
2,4612,11077217
2,4616,11521906
2,4618,11746639
2,4620,11916301
2,4624,12141344
2,4627,12194103
2,4628,12264241
2,4629,12264274
2,4631,12293760
2,4635,12444880
2,4639,12575499
2,4642,12757852
2,4647,12952860
2,4649,12954047
2,4651,13039904
2,4655,13221325
2,4656,13222633
2,4661,13225837
2,4663,13236460
2,4666,13239907
2,4667,13257826
2,4668,13257893
2,4669,13261431
3,4674,5517838
3,4675,12030734
3,4676,13058703
3,4685,6137192
3,4686,6184021
3,4687,6457129
3,4688,7198516
3,4689,8089920
3,4690,8386293
3,4692,8407443
3,4699,10160938
3,4700,9399162
3,4702,11138216
3,4703,10259511
3,4704,10259571
3,4705,10535208
3,4706,8408265
3,4707,8408272
3,4708,10258121
3,4709,10565860
3,4710,11905565
5,4711,4492659
5,4712,5635427
5,4713,10145111
2,4714,13341225
2,4715,13341487
2,4716,13398453
2,4717,13399267
2,4724,13428650
2,4727,13496723
2,4729,13495055
2,4731,13503834
2,4732,13500880
2,4734,13516866
2,4735,12919494
2,4736,12916709
2,4737,7515048
2,4749,13558883
4,4745,13533503
2,4750,13586803
2,4751,13586929
2,4753,13599377
2,4754,13599387
2,4755,13599768
2,4756,13599774
2,4757,13599780
2,4758,13599787
2,4760,13600164
2,4762,13628216
2,4763,13686162
2,4764,10825717
2,4765,13717591
2,4766,13723680
2,4768,13749065
2,4769,13756960
2,4770,13785995
2,4771,13791515
2,4772,13791595
2,4774,13792014
2,4775,13792037
2,4776,13793035
2,4778,7914321
2,4779,12427161
2,4780,9241002
3,4781,13795784
3,4785,3463720
3,4788,8083226
3,4789,8127647
3,4790,8188333
3,4791,8189182
3,4792,8392774
3,4793,8393452
3,4794,8394100
3,4795,8395336
3,4796,8395353
3,4797,8395415
3,4798,8403789
3,4799,8407210
3,4800,8407559
3,4804,8408256
3,4805,8829919
3,4806,9054895
3,4808,9253812
3,4809,9304543
3,4811,10103925
2,4783,13803512
2,4784,13803650
2,4801,13834641
2,4810,13849955
3,4812,10941487
3,4813,11161356
3,4814,13262403
3,4815,12913861
3,4816,8378647
3,4817,13851193
3,4819,8187509
3,4820,8395369
3,4821,8395392
3,4822,8395438
3,4823,8403880
3,4824,11596101
2,4818,13851176
2,4825,13872679
2,4829,4078620
2,4830,4078728
2,4831,4079615
2,4832,9135518
2,4833,4078353
2,4834,4077990
2,4835,6217608
2,4836,7831932
2,4837,9577639
2,4838,9025181
2,4839,10315268
2,4840,12719759
2,4841,4079364
2,4842,4079299
2,4843,4079824
2,4844,10193802
2,4845,4079066
2,4846,4078564
2,4847,4078451
2,4848,4079547
2,4849,4077413
2,4850,4079843
2,4851,4078361
2,4852,4078810
2,4853,4078027
2,4854,4077723
2,4855,4078565
2,4856,6881813
2,4857,4079387
2,4858,10203548
2,4859,11538327
2,4860,4078635
2,4861,7468840
2,4862,4078343
2,4863,5694434
2,4864,9696741
2,4865,10098862
2,4866,4079917
2,4867,4077786
2,4868,4079519
2,4869,12222892
2,4870,4078744
2,4871,4079752
2,4872,5419251
2,4873,4079249
2,4874,4078623
2,4875,6984852
2,4876,6958207
2,4877,4078814
2,4878,4079645
2,4879,4077892
2,4880,4077428
2,4881,6761446
2,4882,4078367
2,4883,4079182
2,4884,4079904
2,4885,12138700
2,4886,4077873
2,4887,9007821
2,4888,4079459
2,4889,10392016
2,4890,7467767
2,4891,4078687
2,4892,9489034
2,4893,4079521
2,4894,7583223
2,4895,4079081
2,4896,4078070
2,4897,4079014
2,4898,4078300
2,4899,7447714
2,4900,8429461
2,4901,4079025
2,4902,5012635
2,4903,4079461
2,4904,4079336
2,4905,4078858
2,4906,9286883
2,4907,6484240
2,4908,9070873
2,4909,4078662
2,4910,7290850
2,4911,4078939
2,4912,4079362
2,4913,4078724
2,4914,4078566
2,4915,6378034
2,4916,4079647
2,4917,4078352
2,4918,4079405
2,4919,4078512
2,4920,4079650
2,4921,4412857
2,4922,4079643
2,4923,4079444
2,4924,4078899
2,4925,4077604
2,4926,6570018
2,4927,4080191
2,4928,4079407
2,4929,4079530
2,4930,4079432
2,4931,4079033
2,4932,4078546
2,4933,6618221
2,4934,6764831
2,4935,4078330
2,4936,4079506
2,4937,4079154
2,4938,4079146
2,4939,6766907
2,4940,4077665
2,4941,11527175
2,4942,4078615
2,4943,4077823
2,4944,4078009
2,4945,11519636
2,4946,4079286
2,4947,4079728
2,4948,4077768
2,4949,6269848
2,4950,4079914
2,4951,4078357
2,4952,4079913
2,4953,10301715
2,4954,6954124
2,4955,4077759
2,4956,4079214
2,4957,8683406
2,4958,4080189
2,4959,5802592
2,4960,4078888
2,4961,4078541
2,4962,13263479
2,4963,4079300
2,4964,6910321
2,4965,4078458
2,4966,4079067
2,4967,5475441
2,4968,10811616
2,4969,10392013
2,4970,9698514
2,4971,8723240
2,4972,13222652
2,4973,4078315
2,4974,4078519
2,4975,10480947
2,4976,4078665
2,4977,6910705
2,4978,12916681
2,4979,4078883
2,4980,10277813
2,4981,4078349
2,4982,10169543
2,4983,4079626
2,4984,4079242
2,4985,13607308
2,4986,7008843
2,4987,4079531
2,4988,4079919
2,4989,4078673
2,4990,9538715
2,4991,12401757
2,4992,4078408
2,4993,4079618
2,4994,4079541
2,4995,4079188
2,4996,5799471
2,4997,4078770
2,4998,6909765
2,4999,4078688
2,5000,4078773
2,5001,10721276
2,5002,4078950
2,5003,4079117
2,5004,6910494
2,5005,4078552
2,5006,6340481
2,5007,4078725
2,5008,4078055
2,5009,6134809
2,5010,4077920
2,5011,4078655
2,5012,4078077
2,5013,4077489
2,5014,4077949
2,5015,4078434
2,5016,4077855
2,5017,4077648
2,5018,7953908
2,5019,4078681
2,5020,4078932
2,5021,4078567
2,5022,4078517
2,5023,4078792
2,5024,4078710
2,5025,4079492
2,5026,9681555
2,5027,4079212
2,5028,5012632
2,5029,4079229
2,5030,4079920
2,5031,4079338
2,5032,6460813
2,5033,4078342
2,5034,4079682
2,5035,8720686
2,5036,4077824
2,5037,4077889
2,5038,4078647
2,5039,6894663
2,5040,6930622
2,5041,6130430
2,5042,4079625
2,5043,4078035
2,5044,4079308
2,5045,6256785
2,5046,4078822
2,5047,13236481
2,5048,4078369
2,5049,4078937
2,5050,4077771
2,5051,12414983
2,5052,4077710
2,5053,4078124
2,5054,4077606
2,5055,4078419
2,5056,4078838
2,5057,4078755
2,5059,4078569
2,5060,4079185
2,5061,11263262
2,5062,4077496
2,5063,4078818
2,5064,12364441
2,5065,12028538
2,5066,4077704
2,5067,4079332
2,5068,6269676
2,5069,8961281
2,5070,4078513
2,5071,4077459
2,5072,4078690
2,5073,4205701
2,5074,4078629
2,5075,10258879
2,5076,4078646
2,5077,4078978
2,5078,4079812
2,5079,4078611
2,5080,4079053
2,5081,4077769
2,5082,4079228
2,5083,6915494
2,5084,4077767
2,5085,4077776
2,5086,4078894
2,5087,4077867
2,5088,4077811
2,5089,4078990
2,5090,13086443
2,5091,4077607
2,5092,4077763
2,5093,7471372
2,5094,4079319
2,5095,4078809
2,5096,12829769
2,5097,4078603
2,5098,12207248
2,5099,4078598
2,5100,4078363
2,5101,13500684
2,5102,4079656
2,5103,13058033
2,5104,6915026
2,5105,4078535
2,5106,4078645
2,5107,4078090
2,5108,6260282
2,5109,4078991
2,5110,4078069
2,5111,5804362
2,5112,4077880
2,5113,12876292
2,5114,7749013
2,5115,4079112
2,5116,8429406
2,5117,6909931
2,5118,4078447
2,5119,5002871
2,5120,4078848
2,5121,12847360
2,5122,6621724
2,5123,4079722
2,5124,4078048
2,5125,4077845
2,5126,4077608
2,5127,4079693
2,5128,4079517
2,5129,4078472
2,5130,6910982
2,5131,7932411
2,5132,4078433
2,5133,4079734
2,5134,4079554
2,5135,10611989
2,5136,4078412
2,5137,4078879
2,5138,8429267
2,5139,4079103
2,5140,4077930
2,5141,4077544
2,5142,4077927
2,5143,4079676
2,5144,4078609
2,5145,11497065
2,5146,4078614
2,5147,5801327
2,5148,4079747
2,5149,12832360
2,5150,13440653
2,5151,4077828
2,5152,4077709
2,5153,4079538
2,5154,6568336
2,5155,4079175
2,5156,6910238
2,5157,4079011
2,5158,4079089
2,5159,4077664
2,5160,11036487
2,5161,4079159
2,5162,4079398
2,5163,4079563
2,5164,6892527
2,5165,4079034
2,5166,4078922
2,5167,13527771
2,5168,11524877
2,5169,13074127
2,5170,4080183
2,5171,4077890
2,5172,10639417
2,5173,4079500
2,5174,4079713
2,5175,4080195
2,5176,4079731
2,5177,4078037
2,5178,4078723
2,5179,4077856
2,5180,4078649
2,5181,8973986
2,5182,10473368
2,5183,4077907
2,5184,11502746
2,5185,4079226
2,5186,4078765
2,5187,4078397
2,5188,6911334
2,5189,4079685
2,5190,4078772
2,5191,11035855
2,5192,5685941
2,5193,4079427
2,5194,12757898
2,5195,4078654
2,5196,4077667
2,5197,4078786
2,5198,4078514
2,5199,4079313
2,5200,4077599
2,5201,4079831
2,5202,4079760
2,5203,4078600
2,5204,6909782
2,5205,4077914
2,5206,9462077
2,5207,4079304
2,5208,4078664
2,5209,4077703
2,5210,9746888
2,5211,4202606
2,5212,4077695
2,5213,13477186
2,5214,4078778
2,5215,6906282
2,5216,6340435
2,5217,4079591
2,5218,4078544
2,5219,4079312
2,5220,4078837
2,5221,4078938
2,5222,4079278
2,5223,4077803
2,5224,4079677
2,5225,4079644
2,5226,4079190
2,5227,4079316
2,5228,4078604
2,5229,4077909
2,5230,4077546
2,5231,4369972
2,5232,4078679
2,5233,10553372
2,5234,4078986
2,5235,5801754
2,5236,4078579
2,5237,5802584
2,5238,7811517
2,5239,4079908
2,5240,4077866
2,5241,6620304
2,5242,4078039
2,5243,4078548
2,5244,8858227
2,5245,4078570
2,5246,13403639
2,5247,4078622
2,5248,4079205
2,5249,4077904
2,5250,6915380
2,5251,4079586
2,5252,4079326
2,5253,4077987
2,5254,4077588
2,5255,4078881
2,5256,4079907
2,5257,4077897
2,5258,4079433
2,5259,6892031
2,5260,4077568
2,5261,4079683
2,5262,6943275
2,5263,4078530
2,5264,4077799
2,5265,4077658
2,5266,13202800
2,5267,4079507
2,5268,10565169
2,5269,9051624
2,5270,4078079
2,5271,4078829
2,5272,7299068
2,5273,8497994
2,5274,9614545
2,5275,13434648
2,5276,11730388
2,5277,9208963
2,5278,6256279
2,5279,10553502
2,5280,4079172
2,5281,4079730
2,5282,6911003
2,5283,4079354
2,5284,9207262
2,5285,4077638
2,5286,9128062
2,5287,4078739
2,5288,5420020
2,5289,5490814
2,5290,4079841
2,5291,4077688
2,5292,4078994
2,5293,4078704
2,5294,4079501
2,5295,6012179
2,5296,4078751
2,5297,13527773
2,5298,4077449
2,5299,6467565
2,5300,2157842
2,5301,4078329
2,5302,4078821
2,5303,4078389
2,5304,4079582
2,5305,4078050
2,5306,4077474
2,5307,4077794
2,5308,6228537
2,5309,4078624
2,5310,4078683
2,5311,4079757
2,5312,6187809
2,5313,12918931
2,5314,10647062
2,5315,12573187
2,5316,4078391
2,5317,6297812
2,5318,6761350
2,5319,4079532
2,5320,4078981
2,5321,10304024
2,5322,4079762
2,5323,6953752
2,5324,4079003
2,5325,4079662
2,5326,11497208
2,5327,4078524
2,5328,4078452
2,5329,5550183
2,5330,4079512
2,5331,4079714
2,5332,13802967
2,5333,7269482
2,5334,4079802
2,5335,7906287
2,5336,4079761
2,5337,6911309
2,5338,9472267
2,5339,4078041
2,5340,4078574
2,5341,4079544
2,5342,4077694
2,5343,4079371
2,5344,4202865
2,5345,12200706
2,5346,4079306
2,5347,6062290
2,5348,12215223
2,5349,12519048
2,5350,9558917
2,5351,4079817
2,5352,6619504
2,5353,4078516
2,5354,4078084
2,5355,4079309
2,5356,4077963
2,5357,4079179
2,5358,5691172
2,5359,4079363
2,5360,7831955
2,5361,4079688
2,5362,4079640
2,5363,13272080
2,5364,6910698
2,5365,6947662
2,5366,13212567
2,5367,4077917
2,5368,4080194
2,5369,4078769
2,5370,7229539
2,5371,4079339
2,5372,6911371
2,5373,11502615
2,5374,4078805
2,5375,4079558
2,5376,6093730
2,5377,5767616
2,5378,4223520
2,5379,4078626
2,5380,6911127
2,5381,4078804
2,5382,5018084
2,5383,6857257
2,5384,4079401
2,5385,11541153
2,5386,4079125
2,5387,6892024
2,5388,9382776
2,5389,4078617
2,5390,9548238
2,5391,10101342
2,5392,4077645
2,5393,4079884
2,5394,4079697
2,5395,12400456
2,5396,4079181
2,5397,4078210
2,5398,4078628
2,5399,13225104
2,5400,4079084
2,5401,4078607
2,5402,4077820
2,5403,4078961
2,5404,8412549
2,5405,4078748
2,5406,5045485
2,5407,8857048
2,5408,10692677
2,5409,6939740
2,5410,4079365
2,5411,4078788
2,5412,7268954
2,5413,6909686
2,5414,4078843
2,5415,4078745
2,5416,4077822
2,5417,13272380
2,5418,4078806
2,5419,4078446
2,5420,4078093
2,5421,4079048
2,5422,4078523
2,5423,7094252
2,5424,4078839
2,5425,4079428
2,5426,5644162
2,5427,4078823
2,5428,4077485
2,5429,4077806
2,5430,10199444
2,5431,5010936
2,5432,4079753
2,5433,4077649
2,5434,4079695
2,5435,10194022
2,5436,4079906
2,5437,4078414
2,5438,6913637
2,5439,12444537
2,5440,9025420
2,5441,6910556
2,5442,5410361
2,5443,7885692
2,5444,6915518
2,5445,4078866
2,5446,4078616
2,5447,4078539
2,5448,4077612
2,5449,4079522
2,5450,4080178
2,5451,5505398
2,5452,4079473
2,5453,4077846
2,5454,4079816
2,5455,4078060
2,5456,4077653
2,5457,4079250
2,5458,4077521
2,5459,4079724
2,5460,4078648
2,5461,4078954
2,5462,11359744
2,5463,5802480
2,5464,5455879
2,5465,4078578
2,5466,12135424
2,5467,4079318
2,5468,9180164
2,5469,4079099
2,5470,9600003
2,5471,4080186
2,5472,4079018
2,5473,4077700
2,5474,4077764
2,5475,12176201
2,5476,4078540
2,5477,4078776
2,5478,4079624
2,5479,11527453
2,5480,4079298
2,5481,7927745
2,5482,4078421
2,5483,4079487
2,5484,4078453
2,5485,4079912
2,5486,12264294
2,5487,4079497
2,5488,10260984
2,5489,4078749
2,5490,9707342
2,5491,4078637
2,5492,4078590
2,5493,12203961
2,5494,4078934
2,5495,12812300
2,5496,6912690
2,5497,5952784
2,5498,4077524
2,5499,4078515
2,5500,4077467
2,5501,4078376
2,5502,11500536
2,5503,4078846
2,5504,4078364
2,5505,4079675
2,5506,4078729
2,5507,4077409
2,5508,13202995
2,5509,4079415
2,5510,10650114
2,5511,7201471
2,5512,6134799
2,5513,8623590
2,5514,4079345
2,5515,6909647
2,5516,4078638
2,5517,4079341
2,5518,10290450
2,5519,4079590
2,5520,4079832
2,5521,4078423
2,5522,6910692
2,5523,4078406
2,5524,4079353
2,5525,4078533
2,5526,5477062
2,5527,4078677
2,5528,4079655
2,5529,4078928
2,5530,12307289
2,5531,4077563
2,5532,5804396
2,5533,4078588
2,5534,4079425
2,5535,4078743
2,5536,4079915
2,5537,4079854
2,5538,4079737
2,5539,4079493
2,5540,11048740
2,5541,7953736
2,5542,4079553
2,5543,10573258
2,5544,4078705
2,5545,7966635
2,5546,4079440
2,5547,4079259
2,5548,7089617
2,5549,12417122
2,5550,6607719
2,5551,9524983
2,5552,7451336
2,5553,4078427
2,5554,4078358
2,5555,7680689
2,5556,4078597
2,5557,10659227
2,5558,4079637
2,5559,4077560
2,5560,10788646
2,5561,13017134
2,5562,4077666
2,5563,4079732
2,5564,7220449
2,5565,4078064
2,5566,4078698
2,5567,4077939
2,5568,4078802
2,5569,4079678
2,5570,4078559
2,5571,8040826
2,5572,13504676
2,5573,4079022
2,5574,10565167
2,5575,4078871
2,5576,4080177
2,5577,10392033
2,5578,4078348
2,5579,10299614
2,5580,4078815
2,5581,4080180
2,5582,10324827
2,5583,4078360
2,5584,5321412
2,5585,4079741
2,5586,4078880
2,5587,4079115
2,5588,4079024
2,5589,9463856
2,5590,4078053
2,5591,6228599
2,5592,4079540
2,5593,4079808
2,5594,4079892
2,5595,4079505
2,5596,4078972
2,5597,8328524
2,5598,8004355
2,5599,9576474
2,5600,12028397
2,5601,4078715
2,5602,9364858
2,5603,5419398
2,5604,4079827
2,5605,4079009
2,5606,10720982
2,5607,4198812
2,5608,10993246
2,5609,7401114
2,5610,7745809
2,5611,4078011
2,5612,5541450
2,5613,5018097
2,5614,7818783
2,5615,6898059
2,5616,9461817
2,5617,10278078
2,5618,12588512
2,5619,4078672
2,5620,10723259
2,5621,6915590
2,5622,4079322
2,5623,5012593
2,5624,4077779
2,5625,4078977
2,5626,8386417
2,5627,13527744
2,5628,4078386
2,5629,5706615
2,5630,12194542
2,5631,7971726
2,5632,4079830
2,5633,10650158
2,5634,10323459
2,5635,4079192
2,5636,13527751
2,5637,11909357
2,5638,4077494
2,5639,6381639
2,5640,4078666
2,5641,12107465
2,5642,10318283
2,5643,9186030
2,5644,5804412
2,5645,4079344
2,5646,4078935
2,5647,4079151
2,5648,4077617
2,5649,4078876
2,5650,4077468
2,5651,7684435
2,5652,4078365
2,5653,4077929
2,5654,4078587
2,5655,4079038
2,5656,4079463
2,5657,9503889
2,5658,9313625
2,5659,6913725
2,5660,4079232
2,5661,8928418
2,5662,8896265
2,5663,4078947
2,5664,4078606
2,5665,4079844
2,5666,4080188
2,5667,11614020
2,5668,4079169
2,5669,4078784
2,5670,13527768
2,5671,4077944
2,5672,4079490
2,5673,4077960
2,5674,7756884
2,5675,4078388
2,5676,12892648
2,5677,4079733
2,5678,4078722
2,5679,12851449
2,5680,11529798
2,5681,4077705
2,5682,12533121
2,5683,4078760
2,5684,4077463
2,5685,13198254
2,5686,4077850
2,5687,8647293
2,5688,4078528
2,5689,4079661
2,5690,7341105
2,5691,6909801
2,5692,4077852
2,5693,4079576
2,5694,4079498
2,5695,4077550
2,5696,4079627
2,5697,13747835
2,5698,4077943
2,5699,4079689
2,5700,5420146
2,5701,4078767
2,5702,10391992
2,5703,4078561
2,5704,8721554
2,5705,10208560
2,5706,11749061
2,5707,4077905
2,5708,4077518
2,5709,4078945
2,5710,4079041
2,5711,4079758
2,5712,5645088
2,5713,4079700
2,5714,4077543
2,5715,4078917
2,5716,5419526
2,5717,6262245
2,5718,9629889
2,5719,4078422
2,5720,4079754
2,5721,7748599
2,5722,4078520
2,5723,4079729
2,5724,4077739
2,5725,12047540
2,5726,13431940
2,5727,4078518
2,5728,4079423
2,5729,10392067
2,5730,4077965
2,5731,4079583
2,5732,4079633
2,5733,13201023
2,5734,9431071
2,5735,4079527
2,5736,4078354
2,5737,4078887
2,5738,4078707
2,5739,13553542
2,5740,5420150
2,5741,10666979
2,5742,6297800
2,5743,4079396
2,5744,4078529
2,5745,4078775
2,5746,6892009
2,5747,4079503
2,5748,10997887
2,5749,4078526
2,5750,4078085
2,5751,6909466
2,5752,7031632
2,5753,4079434
2,5754,4078845
2,5755,4078595
2,5756,6259383
2,5757,4077840
2,5758,13791984
2,5759,4079288
2,5760,9541811
2,5761,4077437
2,5762,4077541
2,5763,4079209
2,5764,5420132
2,5765,11359941
2,5766,5802117
2,5767,13232000
2,5768,4079900
2,5769,4078621
2,5770,5410439
2,5771,6909763
2,5772,13484020
2,5773,11502773
2,5774,9538962
2,5775,4077633
2,5776,7072761
2,5777,4078425
2,5778,4079194
2,5779,4078525
2,5780,4079042
2,5781,4079814
2,5782,4078923
2,5783,4079658
2,5784,10998227
2,5785,10286286
2,5786,4077790
2,5787,7467251
2,5788,4079910
2,5789,4078877
2,5790,4078653
2,5791,4078385
2,5792,8624918
2,5793,4078684
2,5794,6796315
2,5795,4078882
2,5796,4077556
2,5797,6910099
2,5798,6856662
2,5799,4079208
2,5800,10607937
2,5801,5420059
2,5802,4077410
2,5803,4078429
2,5804,4078584
2,5805,4079317
2,5806,4078716
2,5807,11337950
2,5808,6865079
2,5809,4078697
2,5810,9558475
2,5811,12110314
2,5812,13239809
2,5813,5957771
2,5814,4079748
2,5815,6953649
2,5816,5486657
2,5817,5712491
2,5818,4078075
2,5819,4079157
2,5820,4077928
2,5821,6910483
2,5822,9159216
2,5823,4079006
2,5824,4078489
2,5825,4077415
2,5826,4078720
2,5827,4078891
2,5828,5685745
2,5829,6913670
2,5830,4078979
2,5831,4079307
2,5832,4078547
2,5833,4077961
2,5834,4078599
2,5835,4079109
2,5836,4078413
2,5837,4077818
2,5838,8644506
2,5839,10994385
2,5840,4079350
2,5841,4078538
2,5842,4078424
2,5843,4077505
2,5844,11818201
2,5845,4078372
2,5846,4079751
2,5847,4077726
2,5848,4078374
2,5849,4079015
2,5850,4080179
2,5851,8494934
2,5852,4079613
2,5853,4079484
2,5854,4078415
2,5855,4079491
2,5856,4078831
2,5857,4078675
2,5858,4077684
2,5859,6058659
2,5860,4077554
2,5861,4198883
2,5862,4079663
2,5863,4078833
2,5864,12767756
2,5865,4077697
2,5866,10565014
2,5867,4079419
2,5868,4078869
2,5869,6568287
2,5870,4078627
2,5871,4079244
2,5872,11138357
2,5873,10975866
2,5874,13230235
2,5875,4079821
2,5876,5694076
2,5877,4078058
2,5878,4077785
2,5879,12905992
2,5880,4078536
2,5881,4078396
2,5882,12005809
2,5883,4078556
2,5884,10900890
2,5885,9361998
2,5886,4078380
2,5887,4078537
2,5888,6749110
2,5889,4078401
2,5890,9478337
2,5891,4077833
2,5892,4079290
2,5893,4079170
2,5894,4079653
2,5895,6606156
2,5896,4078661
2,5897,4079494
2,5898,4079451
2,5899,4079575
2,5900,11016905
2,5901,4078912
2,5902,4078828
2,5903,13527753
2,5904,4079325
2,5905,4079630
2,5906,10839077
2,5907,4078601
2,5908,11166364
2,5909,6900533
2,5910,7460211
2,5911,4077720
2,5912,4079056
2,5913,12916697
2,5914,6217591
2,5915,10454443
2,5916,4079087
2,5917,7024580
2,5918,4079301
2,5919,5012645
2,5920,4079404
2,5921,6304207
2,5922,4077937
2,5923,11735611
2,5924,4078801
2,5925,4079918
2,5926,8600033
2,5927,9628774
2,5928,4078771
2,5929,4079120
2,5930,4079160
2,5931,10609314
2,5932,13221623
2,5933,12304998
2,5934,4079916
2,5935,4079595
2,5936,4079550
2,5937,4079659
2,5938,4078919
2,5939,4079139
2,5940,4078384
2,5941,4079198
2,5942,4078392
2,5943,4078324
2,5944,4078426
2,5945,13511438
2,5946,5483040
2,5947,4078589
2,5948,13225810
2,5949,6273205
2,5950,11076418
2,5951,4079764
2,5952,4077838
2,5953,4078685
2,5954,4079642
2,5955,12483420
2,5956,6799283
2,5957,4078297
2,5958,4077788
2,5959,4079905
2,5960,4078651
2,5961,7459850
2,5962,4078580
2,5963,4079561
2,5964,4079429
2,5965,9189851
2,5966,4079686
2,5967,12444690
2,5968,13527777
2,5969,4079902
2,5970,4077834
2,5971,4230329
2,5972,4078527
2,5973,4078732
2,5974,4078968
2,5975,4078726
2,5976,6944711
2,5977,4077819
2,5978,4078832
2,5979,4078915
2,5980,4079049
2,5981,4078652
2,5982,7351663
2,5983,4078020
2,5984,4079361
2,5985,4077800
2,5986,4079388
2,5987,11502873
2,5988,7459260
2,5989,11296011
2,5990,4077587
2,5991,6915231
2,5992,4079335
2,5993,7746709
2,5994,5710251
2,5995,10250472
2,5996,6947927
2,5997,10919927
2,5998,4078982
2,5999,4078756
2,6000,4078355
2,6001,6933410
2,6002,4078563
2,6003,4078375
2,6004,4079161
2,6005,4079092
2,6006,4079598
2,6007,10787095
2,6008,4077808
2,6009,5540444
2,6010,4078021
2,6011,11565568
2,6012,4078610
2,6013,4078395
2,6014,4077971
2,6015,12444805
2,6016,4079027
2,6017,6947663
2,6018,4078668
2,6019,9006537
2,6020,10535610
2,6021,4077412
2,6022,4079136
2,6023,4079718
2,6024,5439898
2,6025,4077883
2,6026,4077618
2,6027,4079665
2,6028,4078044
2,6029,8960940
2,6030,4079285
2,6031,4078750
2,6032,8339283
2,6033,9546911
2,6034,10815449
2,6035,4078522
2,6036,4079369
2,6037,4079721
2,6038,6948369
2,6039,4079108
2,6040,4078435
2,6041,10721675
2,6042,6621199
2,6043,4078730
2,6044,4078817
2,6045,6386066
2,6046,4079679
2,6047,4077923
2,6048,4079284
2,6049,11000245
2,6050,4079449
2,6051,4077891
2,6052,12360019
2,6053,5644461
2,6054,4079664
2,6055,4077854
2,6056,4079462
2,6057,4077954
2,6058,4077801
2,6059,6913610
2,6060,4078875
2,6061,4078576
2,6062,9052094
2,6063,6909494
2,6064,4079628
2,6065,4078849
2,6066,4079252
2,6067,4079026
2,6068,4078782
2,6069,6797567
2,6070,4079641
2,6071,4078068
2,6072,5012629
2,6073,7469749
2,6074,4077534
2,6075,4078774
2,6076,6764611
2,6077,6913793
2,6078,12917575
2,6079,8704587
2,6080,4079368
2,6081,4078613
3,6082,3460551
3,6083,3460617
3,6084,5960404
3,6085,10142968
3,6086,11553639
3,6087,3464753
3,6088,8641981
3,6089,3460596
3,6090,12473331
3,6091,3463719
3,6092,7203000
3,6093,3464759
3,6094,6636038
3,6095,3460624
3,6096,3464749
3,6097,12471345
3,6098,10236481
3,6099,12305919
3,6100,10354870
3,6101,3460613
3,6102,11078341
3,6103,9363885
3,6104,11077996
3,6105,9366214
3,6106,10450651
3,6107,12471384
3,6108,3460610
3,6109,10379101
3,6110,9419838
3,6111,8539656
3,6112,3460583
3,6114,6916750
3,6115,6346753
3,6116,8501483
3,6117,6703067
3,6118,6033444
3,6119,7234351
3,6120,8959995
3,6121,9439962
3,6122,11015367
3,6123,12471379
3,6124,12304787
3,6125,8408892
3,6126,3460615
3,6127,3460622
3,6128,12471339
3,6129,3460623
3,6130,3460554
3,6131,3464755
3,6132,6636546
3,6133,3460598
3,6134,6371902
3,6135,6611376
3,6136,6229570
3,6137,10226981
3,6138,6029399
3,6139,8895871
3,6140,6909165
3,6141,8866938
3,6142,3464747
3,6143,8162741
3,6144,12113665
3,6145,3460602
3,6146,3463538
3,6147,8449027
3,6148,11415461
3,6149,13536767
3,6150,11078295
3,6151,12473221
3,6152,12471376
3,6153,3107628
3,6154,3464748
3,6155,7043770
3,6156,11264277
3,6157,10077696
3,6158,8507461
3,6159,6702954
3,6160,9580479
3,6161,10306522
3,6162,8277276
3,6163,12009490
3,6164,3460635
3,6165,11262127
3,6166,10305464
3,6167,5654955
3,6168,6849266
3,6169,6136153
3,6170,6267882
3,6171,7030128
3,6172,3460562
3,6173,9366747
3,6174,3460609
3,6175,6468144
3,6176,3460559
3,6177,3460587
3,6178,11266912
3,6179,10249151
3,6180,7447654
3,6181,3460569
3,6182,3460611
3,6183,11609495
3,6184,8486733
3,6185,8972723
3,6186,12471342
3,6187,7321779
3,6188,10491160
3,6189,6261111
3,6190,10236727
3,6191,3460580
3,6192,8971977
3,6193,8600162
3,6194,3460606
3,6195,8600531
3,6196,10820511
3,6197,6322394
3,6198,10822993
3,6199,6761094
3,6200,6104671
4,6201,10634890
4,6202,7755896
4,6203,6905093
5,6204,4492549
5,6205,4492644
5,6206,8515906
5,6207,4492704
5,6208,8634529
5,6209,4492539
5,6210,5994399
5,6211,4492472
5,6212,8527568
5,6213,8516034
5,6214,8527541
5,6215,4492715
5,6216,4492542
5,6217,10161697
5,6218,8642799
5,6219,8528479
5,6220,4492464
5,6221,4492597
5,6222,8424502
5,6223,4492653
5,6224,8425104
5,6225,4492692
5,6226,4492575
5,6227,4492593
5,6228,8428361
5,6229,8527797
5,6230,4492703
5,6231,4492602
5,6232,4492544
5,6233,4492543
5,6234,4492547
5,6235,4492417
5,6236,6354185
2,6237,4078585
2,6238,4079881
2,6239,4079735
3,6240,9053908
3,6241,10574758
3,6243,3464750
3,6263,13890444
3,6267,13838332
3,6270,13913453
3,6275,13923550
2,6257,11594421
2,6258,12231326
2,6259,12335999
2,6260,11453636
2,6261,11731690
2,6262,13873955
2,6264,13810099
2,6266,13879523
2,6268,13912534
2,6269,13913093
2,6271,13913486
2,6276,4078670
2,6277,14007753
2,6278,14008359
2,6279,14009027
2,6280,14009285
2,6281,14011238
2,6282,14011794
2,6283,14012592
2,6284,14013551
2,6286,14211138
2,6287,14216190
2,6289,14243034
2,6290,14208859
2,6291,14259010
2,6292,14261962
2,6293,14262199
2,6295,14289951
2,6299,14878741
2,6300,14321324
2,6301,13626364
2,6302,14325433
2,6303,14319883
2,6304,14325838
2,6305,13608568
2,6306,13626376
2,6307,14325936
2,6308,14325995
2,6310,12914715
2,6311,14326120
2,6312,4079110
3,6288,14230707
3,6294,14262807
3,6296,14298086
3,6298,14304667
2,6313,14326188
2,6314,14326206
2,6315,14326306
2,6316,5003083
2,6318,14327084
2,6320,14327474
2,6321,14327813
2,6323,14329111
2,6324,14329435
2,6325,14330541
2,6328,14336462
2,6330,14293779
2,6331,14336459
2,6332,14345058
2,6333,14345540
2,6337,14363912
2,6338,14363895
4,6319,13261750
4,6322,11018656
4,6335,14362723
4,6336,14362724
3,6326,14330669
3,6327,14335728
3,6329,14337395
3,6334,14361101
2,6339,14364697
2,6340,14387555
2,6341,14399677
2,6343,14403249
2,6344,14410252
2,6346,14414195
2,6347,14415080
2,6349,14418313
2,6351,14433239
2,6352,14434785
2,6353,14435210
2,6354,14432918
2,6355,14439340
2,6356,14399890
2,6358,14445878
2,6360,14560590
2,6361,9478103
2,6362,14578671
2,6363,14597845
3,6342,14401986
3,6345,14411020
3,6348,14415274
3,6357,3463710
3,6359,14451469
4,6350,14433186
2,6364,14601493
2,6365,14604853
2,6366,14606777
2,6370,14621921
2,6371,14623593
2,6375,14634633
2,6376,14642059
2,6378,14644942
2,6381,4080182
2,6383,14904821
2,6384,14941128
2,6386,14953088
2,6389,14983322
2,6390,15003111
2,6393,15007080
3,6367,14611263
3,6369,14616730
3,6373,14632306
3,6379,14649676
3,6391,15003427
4,6372,8328755
4,6377,14643045
4,6387,10207756
4,6392,15003454
5,6382,14775883
2,6394,15144198
2,6395,15146188
2,6396,15146962
2,6399,15154344
2,6404,15165441
2,6405,15168474
2,6406,15170678
2,6408,15182754
2,6414,15210791
2,6416,15220215
2,6418,15220998
2,6421,15264625
5,6397,15153874
5,6411,4492459
5,6419,15235073
5,6420,4492702
3,6400,15156428
3,6402,15164848
3,6407,15172824
3,6409,15183827
3,6412,15199108
3,6413,15209489
6,6410,15168879
4,6415,13494917
4,6417,3872639
5,6422,15265772
5,6423,15265781
5,6424,15265783
5,6425,15265784
5,6426,15267890
5,6427,15267903
5,6428,15267918
5,6429,15267923
5,6430,4492553
5,6431,15273358
5,6432,15273368
5,6433,15273374
5,6454,4492688
5,6455,15294872
5,6456,15303330
4,6434,10142303
6,6436,15276915
6,6437,15276992
6,6438,15277201
6,6446,15279212
6,6453,15284245
2,6439,15278564
2,6447,15274726
2,6458,15320994
3,6457,15305261
6,6459,15321866
6,6460,15321914
6,6465,15329183
6,6468,15330078
6,6472,15373606
6,6473,15373640
6,6479,15429855
6,6480,15429941
6,6481,15429957
6,6483,15434843
6,6484,15435209
6,6486,15438402
6,6487,15438575
5,6461,15324039
5,6462,15324088
5,6463,15324189
5,6470,15345718
3,6469,15330053
4,6471,15370167
4,6474,15370169
4,6475,13894588
2,6476,15428133
2,6477,8683164
2,6478,15429321
2,6485,15436738
2,6488,15440183
2,6490,15444737
2,6491,15445965
2,6492,15447731
2,6494,15447824
2,6497,15428123
4,6489,15439622
6,6495,15466985
6,6501,15498023
6,6503,15524873
5,6498,15490578
5,6499,15490646
5,6502,15514458
